Average Packet Size,Flow Bytes/s,Fwd Packet Length Mean,Max Packet Length,Fwd IAT Min,Total Length of Fwd Packets,Flow IAT Mean,Fwd IAT Std,Fwd Packet Length Max,Fwd Header Length,Label
347.19,4271.521,7306,333.19,0.0,1665948,0.29637,0.0813,7292,263632,1
345.001,4447.32,1135,331.001,0.0,1655005,0.19894,0.07759,1121,263576,1
344.706,4485.627,1135,330.706,0.0,1653532,0.20167,0.07686,1121,263592,1
343.589,4491.587,1134,329.589,0.0,1647947,0.20542,0.07651,1120,263616,1
344.018,4492.61,1135,330.018,0.0,1650089,0.20799,0.07659,1121,263632,1
