Average Packet Size,Flow Bytes/s,Fwd Packet Length Mean,Max Packet Length,Fwd IAT Min,Total Length of Fwd Packets,Flow IAT Mean,Fwd IAT Std,Fwd Packet Length Max,Fwd Header Length,Label
978.613,43979.512,4434,962.258,-0.001,9622584,0.6394,0.02225,4420,404568,0
792.44,43989.415,4434,776.357,-0.001,7763570,0.25773,0.01802,4420,411548,0
561.842,15408.461,4477,545.538,-0.001,5455381,0.36216,0.03647,4463,411876,0
441.747,12250.14,4620,425.195,-0.001,4251954,0.34684,0.03606,4606,417524,0
692.622,19385.311,7354,676.116,-0.01,6761161,0.8836,0.03573,7340,416316,0
