Average Packet Size,Flow Bytes/s,Fwd Packet Length Mean,Max Packet Length,Fwd IAT Min,Total Length of Fwd Packets,Flow IAT Mean,Fwd IAT Std,Fwd Packet Length Max,Fwd Header Length,Label
297.475,393.707,4215,283.475,0.002,22678,3.46406,0.76514,4201,4272,1
151.475,9532.575,1042,137.475,0.0,10998,0.10739,0.01609,1028,4192,1
164.963,523.494,1014,150.963,0.001,12077,1.46036,0.31911,1000,4192,1
391.363,1296.154,2974,376.312,0.0,30105,1.2321,0.30576,2960,3652,1
