Average Packet Size,Flow Bytes/s,Fwd Packet Length Mean,Max Packet Length,Fwd IAT Min,Total Length of Fwd Packets,Flow IAT Mean,Fwd IAT Std,Fwd Packet Length Max,Fwd Header Length,Label
286.95,285.347,4215,272.95,0.002,16377,3.98384,1.02266,4201,3232,1
210.35,39521.149,1042,196.35,0.0,11781,0.01768,0.00541,1028,3120,1
179.767,9483.165,1042,165.767,0.001,9946,0.12346,0.01928,1028,3152,1
141.483,337.763,1014,127.483,0.001,7649,1.67992,0.42598,1000,3152,1
227.783,566.444,2767,212.983,0.0,12779,1.41378,0.40894,2753,2840,1
