Average Packet Size,Flow Bytes/s,Fwd Packet Length Mean,Max Packet Length,Fwd IAT Min,Total Length of Fwd Packets,Flow IAT Mean,Fwd IAT Std,Fwd Packet Length Max,Fwd Header Length,Label
300.886,348.666,4215,286.886,0.002,20082,3.69686,0.87547,4201,3752,1
156.743,8787.006,1014,142.743,0.0,9992,0.11484,0.0181,1000,3640,1
194.714,32192.465,1042,180.714,0.001,12650,0.02458,0.00614,1028,3672,1
224.029,320.993,2767,209.686,0.0,14678,1.97613,0.70804,2753,3596,1
