Average Packet Size,Flow Bytes/s,Fwd Packet Length Mean,Max Packet Length,Fwd IAT Min,Total Length of Fwd Packets,Flow IAT Mean,Fwd IAT Std,Fwd Packet Length Max,Fwd Header Length,Label
230.553,1270.206,2974,216.431,0.0,216431,1.44986,0.18169,3121,49372,0
188.729,1171.286,1042,173.289,0.0,173289,1.36414,0.16129,1028,44480,0
213.298,570.14,2974,198.746,0.0,198746,2.28804,0.37449,2960,49412,0
203.352,3321.173,2962,188.344,0.0,188344,0.73054,0.06129,2948,46848,0
214.434,893.882,2974,199.426,0.0,199426,1.79644,0.24013,2960,47204,0
