Average Packet Size,Flow Bytes/s,Fwd Packet Length Mean,Max Packet Length,Fwd IAT Min,Total Length of Fwd Packets,Flow IAT Mean,Fwd IAT Std,Fwd Packet Length Max,Fwd Header Length,Label
254.107,1011.951,2974,238.987,0.0,35848,1.70877,0.25279,2960,7072,0
299.28,1907.667,2962,285.28,0.0,42792,1.2847,0.15794,2948,7856,0
207.713,1068.187,1042,193.473,0.001,29021,1.57568,0.19576,1028,7400,0
166.087,1603.974,1030,150.087,0.0,22513,0.81093,0.10424,1016,6392,0
202.16,18466.564,1042,188.16,0.0,28224,0.07934,0.01102,1028,7832,0
