Average Packet Size,Flow Bytes/s,Fwd Packet Length Mean,Max Packet Length,Fwd IAT Min,Total Length of Fwd Packets,Flow IAT Mean,Fwd IAT Std,Fwd Packet Length Max,Fwd Header Length,Label
337.267,1611.339,2974,322.333,0.0,58020,1.561,0.21048,2960,8632,0
193.789,1462.89,1042,179.789,0.0,32362,1.17278,0.13321,1028,9424,0
195.711,1159.954,1030,180.511,0.001,32492,1.43968,0.16967,1016,7980,0
185.756,2163.574,1042,171.089,0.0,30796,0.74048,0.08634,1028,8956,0
