Average Packet Size,Flow Bytes/s,Fwd Packet Length Mean,Max Packet Length,Fwd IAT Min,Total Length of Fwd Packets,Flow IAT Mean,Fwd IAT Std,Fwd Packet Length Max,Fwd Header Length,Label
727.987,34780.757,4519,714.045,0.0,3570227,0.33498,0.02093,4505,265064,1
363.234,12324.569,3176,349.319,0.0,1746596,0.09362,0.02948,3162,265952,1
962.405,558079.478,2742,948.405,-0.001,4742023,0.00945,0.00172,2728,260352,1
944.295,566809.878,3176,930.295,0.0,4651473,0.00909,0.00167,3162,260456,1
843.096,111485.113,3176,829.079,0.0,4145395,0.04544,0.00756,3162,261328,1
