Average Packet Size,Flow Bytes/s,Fwd Packet Length Mean,Max Packet Length,Fwd IAT Min,Total Length of Fwd Packets,Flow IAT Mean,Fwd IAT Std,Fwd Packet Length Max,Fwd Header Length,Label
211.82,1340.255,2974,196.728,0.0,983638,2.46251,0.15808,3121,230236,0
220.438,1607.316,2974,205.368,-0.001,1026842,1.91602,0.13717,3121,231508,0
218.747,1396.512,2974,203.812,-0.001,1019060,2.11803,0.15667,3121,235100,0
216.592,1628.977,2974,201.65,0.0,1008252,1.97104,0.13299,2960,237664,0
