Average Packet Size,Flow Bytes/s,Fwd Packet Length Mean,Max Packet Length,Fwd IAT Min,Total Length of Fwd Packets,Flow IAT Mean,Fwd IAT Std,Fwd Packet Length Max,Fwd Header Length,Label
297.167,949.594,2974,281.767,0.001,33812,1.90852,0.31557,2960,5480,0
311.5,1664.736,2962,297.5,0.0,35700,1.43455,0.18869,2948,6304,0
187.917,14903.228,1042,173.917,0.0,20870,0.08808,0.01272,1028,6272,0
199.233,822.632,1030,184.383,0.001,22126,1.76131,0.24423,1016,5532,0
163.167,1278.419,1030,147.217,0.0,17666,0.90644,0.1287,1016,5132,0
209.8,17415.714,1042,195.8,0.0,23496,0.08827,0.01215,1028,6272,0
