Average Packet Size,Flow Bytes/s,Fwd Packet Length Mean,Max Packet Length,Fwd IAT Min,Total Length of Fwd Packets,Flow IAT Mean,Fwd IAT Std,Fwd Packet Length Max,Fwd Header Length,Label
352.906,1592.408,2974,337.918,0.0,57446,1.60592,0.22293,2960,8112,0
187.176,1345.045,1042,173.176,0.0,29440,1.20681,0.13998,1028,8904,0
178.606,1003.394,1030,163.476,0.001,27791,1.48136,0.17906,1016,7820,0
199.641,2319.457,1042,184.794,0.0,31415,0.75895,0.08658,1028,8044,0
