Average Packet Size,Flow Bytes/s,Fwd Packet Length Mean,Max Packet Length,Fwd IAT Min,Total Length of Fwd Packets,Flow IAT Mean,Fwd IAT Std,Fwd Packet Length Max,Fwd Header Length,Label
325.289,1276.75,2974,310.405,0.0,58977,1.70177,0.25613,2960,9152,0
188.7,2540.553,1042,174.7,0.0,33193,0.84008,0.07467,1028,9944,0
194.674,1257.073,1030,179.158,0.0,34040,1.40022,0.15568,1016,8140,0
187.937,2289.37,1042,173.684,0.0,33000,0.72073,0.08253,1028,9836,0
