Average Packet Size,Flow Bytes/s,Fwd Packet Length Mean,Max Packet Length,Fwd IAT Min,Total Length of Fwd Packets,Flow IAT Mean,Fwd IAT Std,Fwd Packet Length Max,Fwd Header Length,Label
265.957,988.549,2974,250.757,0.0,35106,1.7682,0.27097,2960,6520,0
312.986,1944.531,2962,298.986,0.0,41858,1.32814,0.16211,2948,7344,0
184.486,857.71,1042,170.314,0.001,23844,1.63197,0.21664,1028,7180,0
190.7,16380.437,1030,174.986,0.0,24498,0.08219,0.01173,1016,5792,0
172.271,1578.41,1042,157.757,0.0,22086,0.83946,0.10993,1028,7116,0
