Average Packet Size,Flow Bytes/s,Fwd Packet Length Mean,Max Packet Length,Fwd IAT Min,Total Length of Fwd Packets,Flow IAT Mean,Fwd IAT Std,Fwd Packet Length Max,Fwd Header Length,Label
324.075,1376.355,2974,309.025,0.0,49444,1.65495,0.23694,2960,7592,0
225.188,1526.58,2466,211.188,0.0,33790,1.24393,0.14844,2452,8384,0
197.6,1078.758,1030,182.963,0.001,29274,1.52567,0.18433,1016,7612,0
183.475,1900.31,1042,168.012,0.0,26882,0.78526,0.09716,1028,7212,0
