Average Packet Size,Flow Bytes/s,Fwd Packet Length Mean,Max Packet Length,Fwd IAT Min,Total Length of Fwd Packets,Flow IAT Mean,Fwd IAT Std,Fwd Packet Length Max,Fwd Header Length,Label
280.292,969.249,2974,265.0,0.0,34450,1.83436,0.29143,2960,6000,0
319.738,1848.022,2962,305.738,0.001,39746,1.37828,0.17436,2948,6824,0
172.2,6060.895,1042,158.2,0.0,20566,0.16527,0.02863,1028,6792,0
210.831,983.515,1030,195.354,0.001,25396,1.68952,0.21603,1016,5620,0
185.4,1666.252,1042,170.292,0.0,22138,0.86786,0.11213,1028,6084,0
