Attack Category,AUROC,Accuracy,Precision,Recall,F1 Score,True Negative,False Positive,False Negative,True Positive,ROC AUC
botnet-ares,0.4888183936624311,0.48705865803910536,0.4870225786030808,1.0,0.6550305094366397,1,7293,0,6924,0.4888183936624311
brute-ftp,0.8967355181634635,0.941318151959711,0.9413138686131387,1.0,0.969769890209054,1,804,0,12896,0.8967355181634635
brute-http,0.22331804062673405,0.845312927029243,0.8455440131219245,0.9996767937944409,0.9161729857819905,0,565,1,3093,0.22331804062673405
brute-ssh,0.7133617117759987,0.8477011494252874,0.8505461081155814,0.9948253557567918,0.9170455392412611,43,1081,32,6152,0.7133617117759987
inf-dropbox,0.3719495644599985,0.9771471450985743,0.9771566678361205,0.9999900268278331,0.9884415001897664,0,2344,1,100268,0.3719495644599985
inf-usb,0.8986638322720755,0.9399656946826758,0.9403689403689404,0.9995440036479708,0.969053934571176,0,139,1,2192,0.8986638322720755
sql-inj,0.9453703703703704,0.8939393939393939,0.8484848484848485,0.9333333333333333,0.8888888888888888,31,5,2,28,0.9453703703703704
xss,0.765282382364916,0.881489841986456,0.8819875776397516,0.999360204734485,0.9370125974805039,0,209,1,1562,0.765282382364916
